{
  "navigation": {
    "Dashboards": [
      {
        "name": "Dashboard Analytics",
        "icon": "tabler-smart-home",
        "url": ""
      },
      {
        "name": "Dashboard CRM",
        "icon": "tabler-smart-home",
        "url": "dashboards/crm"
      }
    ],
    "Layouts": [
      {
        "name": "Layout Without menu",
        "icon": "tabler-layout-sidebar",
        "url": "layouts/without-menu"
      },
      {
        "name": "Layout Fluid",
        "icon": "tabler-layout-sidebar",
        "url": "layouts/fluid"
      },
      {
        "name": "Layout Container",
        "icon": "tabler-layout-sidebar",
        "url": "layouts/container"
      },
      {
        "name": "Layout Blank",
        "icon": "tabler-layout-sidebar",
        "url": "layouts/blank"
      },
      {
        "name": "User Management",
        "icon": "tabler-brand-php",
        "url": "laravel/user-management"
      }
    ],
    "Apps": [
      {
        "name": "Email",
        "icon": "tabler-mail",
        "url": "app/email"
      },
      {
        "name": "Chat",
        "icon": "tabler-messages",
        "url": "app/chat"
      },
      {
        "name": "Calendar",
        "icon": "tabler-calendar",
        "url": "app/calendar"
      },
      {
        "name": "Kanban",
        "icon": "tabler-layout-kanban",
        "url": "app/kanban"
      },
      {
        "name": "eCommerce Dashboard",
        "icon": "tabler-smart-home",
        "url": "app/ecommerce/dashboard"
      },
      {
        "name": "eCommerce - Product",
        "icon": "tabler-building-factory-2",
        "url": "app/ecommerce/product/list"
      },
      {
        "name": "eCommerce - Product List",
        "icon": "tabler-list-details",
        "url": "app/ecommerce/product/list"
      },
      {
        "name": "eCommerce - Add Product",
        "icon": "tabler-plus",
        "url": "app/ecommerce/product/add"
      },
      {
        "name": "eCommerce - Category List",
        "icon": "tabler-list",
        "url": "app/ecommerce/product/category"
      },
      {
        "name": "eCommerce - Order List",
        "icon": "tabler-list",
        "url": "app/ecommerce/order/list"
      },
      {
        "name": "eCommerce - Orders Details",
        "icon": "tabler-list-check",
        "url": "app/ecommerce/order/details"
      },
      {
        "name": "eCommerce - Customers",
        "icon": "tabler-user",
        "url": "app/ecommerce/customer/all"
      },
      {
        "name": "eCommerce - Customers Overview",
        "icon": "tabler-list-details",
        "url": "app/ecommerce/customer/details/overview"
      },
      {
        "name": "eCommerce - Customers Security",
        "icon": "tabler-home-shield",
        "url": "app/ecommerce/customer/details/security"
      },
      {
        "name": "eCommerce - Customers Address and Billing",
        "icon": "tabler-map-pin",
        "url": "app/ecommerce/customer/details/billing"
      },
      {
        "name": "eCommerce - Customers Notifications",
        "icon": "tabler-bell",
        "url": "app/ecommerce/customer/details/notifications"
      },
      {
        "name": "eCommerce - Manage Reviews",
        "icon": "tabler-quote",
        "url": "app/ecommerce/manage/reviews"
      },
      {
        "name": "eCommerce - Referrals",
        "icon": "tabler-building-factory-2",
        "url": "app/ecommerce/referrals"
      },
      {
        "name": "eCommerce - Settings Store Details",
        "icon": "tabler-building-store",
        "url": "app/ecommerce/settings/details"
      },
      {
        "name": "eCommerce - Settings Store Payments",
        "icon": "tabler-currency-dollar",
        "url": "app/ecommerce/settings/payments"
      },
      {
        "name": "eCommerce - Settings Store Checkout",
        "icon": "tabler-shopping-cart",
        "url": "app/ecommerce/settings/checkout"
      },
      {
        "name": "eCommerce - Settings Shipping & Delivery",
        "icon": "tabler-truck",
        "url": "app/ecommerce/settings/shipping"
      },
      {
        "name": "eCommerce - Settings Locations",
        "icon": "tabler-map-pin",
        "url": "app/ecommerce/settings/locations"
      },
      {
        "name": "eCommerce - Settings Notifications",
        "icon": "tabler-bell-ringing",
        "url": "app/ecommerce/settings/notifications"
      },
      {
        "name": "Academy - Dashboard",
        "icon": "tabler-book",
        "url": "app/academy/dashboard"
      },
      {
        "name": "Academy - My Course",
        "icon": "tabler-list",
        "url": "app/academy/course"
      },
      {
        "name": "Academy - Course Details",
        "icon": "tabler-list",
        "url": "app/academy/course-details"
      },
      {
        "name": "User List",
        "icon": "tabler-list-numbers",
        "url": "app/user/list"
      },
      {
        "name": "User View - Account",
        "icon": "tabler-user",
        "url": "app/user/view/account"
      },
      {
        "name": "User View - Security",
        "icon": "tabler-shield-chevron",
        "url": "app/user/view/security"
      },
      {
        "name": "User View - Billing & Plans",
        "icon": "tabler-file-text",
        "url": "app/user/view/billing"
      },
      {
        "name": "User View - Notifications",
        "icon": "tabler-notification",
        "url": "app/user/view/notifications"
      },
      {
        "name": "User View - Connections",
        "icon": "tabler-brand-google",
        "url": "app/user/view/connections"
      },
      {
        "name": "Roles",
        "icon": "tabler-shield-checkered",
        "url": "app/access-roles"
      },
      {
        "name": "Permission",
        "icon": "tabler-ban",
        "url": "app/access-permission"
      },
      {
        "name": "Logistics Dashboard",
        "icon": "tabler-truck",
        "url": "app/logistics/dashboard"
      },
      {
        "name": "Logistics Fleet",
        "icon": "tabler-car",
        "url": "app/logistics/fleet"
      },
      {
        "name": "Invoice List",
        "icon": "tabler-list-numbers",
        "url": "app/invoice/list"
      },
      {
        "name": "Invoice Preview",
        "icon": "tabler-file-text",
        "url": "app/invoice/preview"
      },
      {
        "name": "Invoice Edit",
        "icon": "tabler-user-plus",
        "url": "app/invoice/edit"
      },
      {
        "name": "Invoice Add",
        "icon": "tabler-user-plus",
        "url": "app/invoice/add"
      }
    ],
    "Pages": [
      {
        "name": "User Profile",
        "icon": "tabler-user-circle",
        "url": "pages/profile-user"
      },
      {
        "name": "User Profile - Teams",
        "icon": "tabler-users",
        "url": "pages/profile-teams"
      },
      {
        "name": "User Profile - Projects",
        "icon": "tabler-layout-grid",
        "url": "pages/profile-projects"
      },
      {
        "name": "User Profile - Connections",
        "icon": "tabler-link",
        "url": "pages/profile-connections"
      },
      {
        "name": "Account Settings - Account",
        "icon": "tabler-user",
        "url": "pages/account-settings-account"
      },
      {
        "name": "Account Settings - Security",
        "icon": "tabler-shield-chevron",
        "url": "pages/account-settings-security"
      },
      {
        "name": "Account Settings - Billing & Plans",
        "icon": "tabler-file-text",
        "url": "pages/account-settings-billing"
      },
      {
        "name": "Account Settings - Notifications",
        "icon": "tabler-notification",
        "url": "pages/account-settings-notifications"
      },
      {
        "name": "Account Settings - Connections",
        "icon": "tabler-link",
        "url": "pages/account-settings-connections"
      },
      {
        "name": "FAQ",
        "icon": "tabler-help",
        "url": "pages/faq"
      },
      {
        "name": "Pricing",
        "icon": "tabler-diamond",
        "url": "pages/pricing"
      },
      {
        "name": "Error",
        "icon": "tabler-alert-circle",
        "url": "pages/misc-error"
      },
      {
        "name": "Under Maintenance",
        "icon": "tabler-barrier-block",
        "url": "pages/misc-under-maintenance"
      },
      {
        "name": "Coming Soon",
        "icon": "tabler-clock",
        "url": "pages/misc-comingsoon"
      },
      {
        "name": "Not Authorized",
        "icon": "tabler-user-x",
        "url": "pages/misc-not-authorized"
      },
      {
        "name": "Login Basic",
        "icon": "tabler-login",
        "url": "auth/login-basic"
      },
      {
        "name": "Login Cover",
        "icon": "tabler-login",
        "url": "auth/login-cover"
      },
      {
        "name": "Register Basic",
        "icon": "tabler-user-plus",
        "url": "auth/register-basic"
      },
      {
        "name": "Register Cover",
        "icon": "tabler-user-plus",
        "url": "auth/register-cover"
      },
      {
        "name": "Register Multi-steps",
        "icon": "tabler-user-plus",
        "url": "auth/register-multisteps"
      },
      {
        "name": "Verify Email Basic",
        "icon": "tabler-mail",
        "url": "auth/verify-email-basic"
      },
      {
        "name": "Verify Email Cover",
        "icon": "tabler-mail",
        "url": "auth/verify-email-cover"
      },
      {
        "name": "Reset Password Basic",
        "icon": "tabler-help",
        "url": "auth/reset-password-basic"
      },
      {
        "name": "Reset Password Cover",
        "icon": "tabler-help",
        "url": "auth/reset-password-cover"
      },
      {
        "name": "Forgot Password Basic",
        "icon": "tabler-question-mark",
        "url": "auth/forgot-password-basic"
      },
      {
        "name": "Forgot Password Cover",
        "icon": "tabler-question-mark",
        "url": "auth/forgot-password-cover"
      },
      {
        "name": "Two Steps Verification Basic",
        "icon": "tabler-question-mark",
        "url": "auth/two-steps-basic"
      },
      {
        "name": "Two Steps Verification Cover",
        "icon": "tabler-question-mark",
        "url": "auth/two-steps-cover"
      },
      {
        "name": "Modal Examples",
        "icon": "tabler-square",
        "url": "modal-examples"
      },
      {
        "name": "Checkout Wizard",
        "icon": "tabler-shopping-cart",
        "url": "wizard/ex-checkout"
      },
      {
        "name": "Property Listing Wizard",
        "icon": "tabler-building-cottage",
        "url": "wizard/ex-property-listing"
      },
      {
        "name": "Create Deal Wizard",
        "icon": "tabler-gift",
        "url": "wizard/ex-create-deal"
      }
    ],
    "Front Pages": [
      {
        "name": "Help Center Front",
        "icon": "tabler-progress-help",
        "url": "front-pages/help-center"
      },
      {
        "name": "Landing Front",
        "icon": "tabler-files",
        "url": "front-pages/landing"
      },
      {
        "name": "Pricing Front",
        "icon": "tabler-currency-dollar",
        "url": "front-pages/pricing"
      },
      {
        "name": "Checkout Front",
        "icon": "tabler-check",
        "url": "front-pages/checkout"
      },
      {
        "name": "Payment Front",
        "icon": "tabler-credit-card",
        "url": "front-pages/payment"
      }
    ],
    "Components": [
      {
        "name": "Tabler",
        "icon": "tabler-pencil",
        "url": "icons/tabler"
      },
      {
        "name": "Font Awesome",
        "icon": "tabler-typography",
        "url": "icons/font-awesome"
      },
      {
        "name": "Basic Cards",
        "icon": "tabler-credit-card",
        "url": "cards/basic"
      },
      {
        "name": "Advance Cards",
        "icon": "tabler-id",
        "url": "cards/advance"
      },
      {
        "name": "Statistics Cards",
        "icon": "tabler-chart-bar",
        "url": "cards/statistics"
      },
      {
        "name": "Analytics Cards",
        "icon": "tabler-chart-bar",
        "url": "cards/analytics"
      },
      {
        "name": "Actions Cards",
        "icon": "tabler-mouse-2",
        "url": "cards/actions"
      },
      {
        "name": "Accordion",
        "icon": "tabler-arrows-maximize",
        "url": "ui/accordion"
      },
      {
        "name": "Alerts",
        "icon": "tabler-alert-triangle",
        "url": "ui/alerts"
      },
      {
        "name": "Badges",
        "icon": "tabler-badge",
        "url": "ui/badges"
      },
      {
        "name": "Buttons",
        "icon": "tabler-circle-plus",
        "url": "ui/buttons"
      },
      {
        "name": "Carousel",
        "icon": "tabler-photo",
        "url": "ui/carousel"
      },
      {
        "name": "Collapse",
        "icon": "tabler-arrows-minimize",
        "url": "ui/collapse"
      },
      {
        "name": "Dropdowns",
        "icon": "tabler-arrow-autofit-height",
        "url": "ui/dropdowns"
      },
      {
        "name": "Footer",
        "icon": "tabler-layout-bottombar",
        "url": "ui/footer"
      },
      {
        "name": "List Groups",
        "icon": "tabler-list-numbers",
        "url": "ui/list-groups"
      },
      {
        "name": "Modals",
        "icon": "tabler-layout",
        "url": "ui/modals"
      },
      {
        "name": "Navbar",
        "icon": "tabler-layout-navbar",
        "url": "ui/navbar"
      },
      {
        "name": "Offcanvas",
        "icon": "tabler-layout",
        "url": "ui/offcanvas"
      },
      {
        "name": "Pagination & Breadcrumbs",
        "icon": "tabler-chevrons-right",
        "url": "ui/pagination-breadcrumbs"
      },
      {
        "name": "Progress",
        "icon": "tabler-adjustments-horizontal",
        "url": "ui/progress"
      },
      {
        "name": "Spinners",
        "icon": "tabler-loader-2",
        "url": "ui/spinners"
      },
      {
        "name": "Tabs & Pills",
        "icon": "tabler-server-2",
        "url": "ui/tabs-pills"
      },
      {
        "name": "Toasts",
        "icon": "tabler-box-model",
        "url": "ui/toasts"
      },
      {
        "name": "Tooltips & Popovers",
        "icon": "tabler-message-2",
        "url": "ui/tooltips-popovers"
      },
      {
        "name": "Typography",
        "icon": "tabler-typography",
        "url": "ui/typography"
      },
      {
        "name": "Avatar",
        "icon": "tabler-user-circle",
        "url": "extended/ui-avatar"
      },
      {
        "name": "BlockUI",
        "icon": "tabler-window-maximize",
        "url": "extended/ui-blockui"
      },
      {
        "name": "Drag & Drop",
        "icon": "tabler-drag-drop",
        "url": "extended/ui-drag-and-drop"
      },
      {
        "name": "Media Player",
        "icon": "tabler-music",
        "url": "extended/ui-media-player"
      },
      {
        "name": "Perfect Scrollbar",
        "icon": "tabler-arrows-move-vertical",
        "url": "extended/ui-perfect-scrollbar"
      },
      {
        "name": "Star Ratings",
        "icon": "tabler-star",
        "url": "extended/ui-star-ratings"
      },
      {
        "name": "SweetAlert2",
        "icon": "tabler-alert-triangle",
        "url": "extended/ui-sweetalert2"
      },
      {
        "name": "Text Divider",
        "icon": "tabler-separator-horizontal",
        "url": "extended/ui-text-divider"
      },
      {
        "name": "Timeline Basic",
        "icon": "tabler-arrows-horizontal",
        "url": "extended/ui-timeline-basic"
      },
      {
        "name": "Timeline Fullscreen",
        "icon": "tabler-arrows-horizontal",
        "url": "extended/ui-timeline-fullscreen"
      },
      {
        "name": "Tour",
        "icon": "tabler-brand-telegram",
        "url": "extended/ui-tour"
      },
      {
        "name": "Treeview",
        "icon": "tabler-git-fork rotate-180",
        "url": "extended/ui-treeview"
      },
      {
        "name": "Miscellaneous",
        "icon": "tabler-sitemap",
        "url": "extended/ui-misc"
      }
    ],
    "Forms": [
      {
        "name": "Basic Inputs",
        "icon": "tabler-cursor-text",
        "url": "forms/basic-inputs"
      },
      {
        "name": "Input groups",
        "icon": "tabler-arrow-autofit-content",
        "url": "forms/input-groups"
      },
      {
        "name": "Custom Options",
        "icon": "tabler-circle",
        "url": "forms/custom-options"
      },
      {
        "name": "Editors",
        "icon": "tabler-text-resize",
        "url": "forms/editors"
      },
      {
        "name": "File Upload",
        "icon": "tabler-file-upload",
        "url": "forms/file-upload"
      },
      {
        "name": "Pickers",
        "icon": "tabler-edit-circle",
        "url": "forms/pickers"
      },
      {
        "name": "Select & Tags",
        "icon": "tabler-select",
        "url": "forms/selects"
      },
      {
        "name": "Sliders",
        "icon": "tabler-adjustments-alt rotate-90",
        "url": "forms/sliders"
      },
      {
        "name": "Switches",
        "icon": "tabler-toggle-right",
        "url": "forms/switches"
      },
      {
        "name": "Extras",
        "icon": "tabler-circle-plus",
        "url": "forms/extras"
      },
      {
        "name": "Vertical Form",
        "icon": "tabler-file-text",
        "url": "form/layouts-vertical"
      },
      {
        "name": "Horizontal Form",
        "icon": "tabler-file-text",
        "url": "form/layouts-horizontal"
      },
      {
        "name": "Sticky Actions",
        "icon": "tabler-file-text",
        "url": "form/layouts-sticky"
      },
      {
        "name": "Numbered Wizard",
        "icon": "tabler-text-wrap-disabled",
        "url": "form/wizard-numbered"
      },
      {
        "name": "Icons Wizard",
        "icon": "tabler-text-wrap-disabled",
        "url": "form/wizard-icons"
      },
      {
        "name": "Form Validation",
        "icon": "tabler-checkbox",
        "url": "form/validation"
      }
    ],
    "Tables": [
      {
        "name": "Tables",
        "icon": "tabler-table",
        "url": "tables/basic"
      },
      {
        "name": "Datatable Basic",
        "icon": "tabler-layout-grid",
        "url": "tables/datatables-basic"
      },
      {
        "name": "Datatable Advanced",
        "icon": "tabler-layout-grid",
        "url": "tables/datatables-advanced"
      },
      {
        "name": "Datatable Extensions",
        "icon": "tabler-layout-grid",
        "url": "tables/datatables-extensions"
      }
    ],
    "Charts & Maps": [
      {
        "name": "Apex Charts",
        "icon": "tabler-chart-line",
        "url": "charts/apex"
      },
      {
        "name": "ChartJS",
        "icon": "tabler-chart-bar",
        "url": "charts/chartjs"
      },
      {
        "name": "Leaflet Maps",
        "icon": "tabler-map-pin",
        "url": "maps/leaflet"
      }
    ],
    "files": [
      {
        "name": "Class Attendance",
        "subtitle": "By Tommy Shelby",
        "src": "img/icons/misc/search-xls.png",
        "meta": "17kb",
        "url": "javascript:;"
      },
      {
        "name": "Passport Image",
        "subtitle": "By William Budd",
        "src": "img/icons/misc/search-jpg.png",
        "meta": "35kb",
        "url": "javascript:;"
      },
      {
        "name": "Class Notes",
        "subtitle": "By Laurel Lance",
        "src": "img/icons/misc/search-doc.png",
        "meta": "153kb",
        "url": "javascript:;"
      },
      {
        "name": "Receipt",
        "subtitle": "By Donnie Darko",
        "src": "img/icons/misc/search-jpg.png",
        "meta": "25kb",
        "url": "javascript:;"
      },
      {
        "name": "Social Guide",
        "subtitle": "By Ryan Middleton",
        "src": "img/icons/misc/search-doc.png",
        "meta": "39kb",
        "url": "javascript:;"
      },
      {
        "name": "Expenses",
        "subtitle": "By Slade Wilson",
        "src": "img/icons/misc/search-xls.png",
        "meta": "15kb",
        "url": "javascript:;"
      },
      {
        "name": "Documentation",
        "subtitle": "By Walter White",
        "src": "img/icons/misc/search-doc.png",
        "meta": "200kb",
        "url": "javascript:;"
      },
      {
        "name": "Avatar",
        "subtitle": "By Ross Geller",
        "src": "img/icons/misc/search-jpg.png",
        "meta": "100kb",
        "url": "javascript:;"
      },
      {
        "name": "Data",
        "subtitle": "By Erik Foreman",
        "src": "img/icons/misc/search-xls.png",
        "meta": "5kb",
        "url": "javascript:;"
      },
      {
        "name": "Gardening Guide",
        "subtitle": "By Jerry Seinfeld",
        "src": "img/icons/misc/search-doc.png",
        "meta": "25kb",
        "url": "javascript:;"
      }
    ],
    "members": [
      {
        "name": "Luke Skywalker",
        "subtitle": "Admin",
        "src": "img/avatars/1.png",
        "url": "app/user/view/account"
      },
      {
        "name": "Micheal Clarke",
        "subtitle": "Customer",
        "src": "img/avatars/2.png",
        "url": "app/user/view/account"
      },
      {
        "name": "Melina Gibson",
        "subtitle": "Staff",
        "src": "img/avatars/5.png",
        "url": "app/user/view/account"
      },
      {
        "name": "Anna Strong",
        "subtitle": "Staff",
        "src": "img/avatars/7.png",
        "url": "app/user/view/account"
      },
      {
        "name": "Stephanie Gould",
        "subtitle": "Customer",
        "src": "img/avatars/3.png",
        "url": "app/user/view/account"
      },
      {
        "name": "David Budd",
        "subtitle": "Admin",
        "src": "img/avatars/10.png",
        "url": "app/user/view/account"
      },
      {
        "name": "Mark Shepiro",
        "subtitle": "Admin",
        "src": "img/avatars/12.png",
        "url": "app/user/view/account"
      }
    ]
  },
  "suggestions": {
    "Popular Searches": [
      {
        "name": "Analytics",
        "icon": "tabler-smart-home",
        "url": ""
      },
      {
        "name": "CRM",
        "icon": "tabler-vector-bezier-circle",
        "url": "dashboard/crm"
      },
      {
        "name": "eCommerce",
        "icon": "tabler-smart-home",
        "url": "app/ecommerce/dashboard"
      },
      {
        "name": "User List",
        "icon": "tabler-list-numbers",
        "url": "app/user/list"
      }
    ],
    "Apps & Pages": [
      {
        "name": "Calendar",
        "icon": "tabler-calendar",
        "url": "app/calendar"
      },
      {
        "name": "Invoice List",
        "icon": "tabler-list-numbers",
        "url": "app/invoice/list"
      },
      {
        "name": "Account Settings",
        "icon": "tabler-user",
        "url": "pages/account-settings-account"
      },
      {
        "name": "Dialog Examples",
        "icon": "tabler-square",
        "url": "modal-examples"
      }
    ],
    "User Interface": [
      {
        "name": "Typography",
        "icon": "tabler-typography",
        "url": "ui/typography"
      },
      {
        "name": "Advanced Cards",
        "icon": "tabler-id",
        "url": "cards-advance"
      },
      {
        "name": "Tabler",
        "icon": "tabler-pencil",
        "url": "icons-tabler"
      },
      {
        "name": "Widget Cards",
        "icon": "tabler-id",
        "url": "cards/advance"
      }
    ],
    "Forms & Charts": [
      {
        "name": "Form Layouts",
        "icon": "tabler-file",
        "url": "form/layouts-vertical"
      },
      {
        "name": "Form Validation",
        "icon": "tabler-checkbox",
        "url": "form/validation"
      },
      {
        "name": "Form Wizard",
        "icon": "tabler-text-wrap-disabled",
        "url": "form/wizard-numbered"
      },
      {
        "name": "E-Charts",
        "icon": "tabler-chart-line",
        "url": "charts/apex"
      }
    ]
  }
}
