{
  "menu": [
    {
      "url": "/dashboard",
      "name": "Home",
      "icon": "menu-icon icon-base ti tabler-smart-home",
      "slug": "dashboard"
    },
    {
      "name": "Ordens de Serviço",
      "icon": "menu-icon icon-base ti tabler-file",
      "slug": "ordens",
      "submenu": [
        {
          "url": "/ordens-servico",
          "name": "Todas as OS",
          "slug": "ordens-servico"
        },
        {
          "url": "/ordens-servico/create",
          "name": "Criar OS",
          "slug": "ordens-servico.create"
        },
        {
          "url": "/ordens-servico/checklist",
          "name": "Checklist de Entrada",
          "slug": "ordens-servico.checklist"
        }
      ]
    },
    {
      "name": "Orçamentos",
      "icon": "menu-icon icon-base ti tabler-file-dollar",
      "slug": "budgets",
      "submenu": [
        {
          "url": "/budgets/pending",
          "name": "Aguardando aprovação",
          "slug": "budgets.pending"
        },
        {
          "url": "/budgets/approved",
          "name": "Aprovados",
          "slug": "budgets.approved"
        },
        {
          "url": "/budgets/rejected",
          "name": "Reprovados",
          "slug": "budgets.rejected"
        },
        {
          "url": "/budgets/send-whatsapp",
          "name": "Enviar por WhatsApp",
          "slug": "budgets.send-whatsapp"
        }
      ]
    },
    {
      "name": "Clientes & Veículos",
      "icon": "menu-icon icon-base ti tabler-users",
      "slug": ["clients", "vehicles", "vehicle-history"],
      "submenu": [
      {
        "url": "/clients",
        "name": "Clientes",
        "slug": "clients"
      },
      {
        "url": "/vehicles",
        "name": "Veículos",
        "slug": "vehicles"
      },
      {
        "url": "/vehicle-history",
        "name": "Histórico do veículo",
        "slug": "vehicle-history"
      }
      ]
    },
    {
      "name": "Estoque",
      "icon": "menu-icon icon-base ti tabler-box",
      "slug": "inventory",
      "submenu": [
        {
          "url": "/inventory/items",
          "name": "Itens/Peças",
          "slug": "inventory.items"
        },
        {
          "url": "/inventory/stock-in",
          "name": "Entrada de estoque",
          "slug": "inventory.stock-in"
        },
        {
          "url": "/inventory/stock-out",
          "name": "Saída de estoque",
          "slug": "inventory.stock-out"
        },
        {
          "url": "/inventory/adjustments",
          "name": "Ajustes",
          "slug": "inventory.adjustments"
        },
        {
          "url": "/inventory/critical-stock",
          "name": "Estoque crítico / alerta",
          "slug": "inventory.critical-stock"
        },
        {
          "url": "/inventory/suppliers",
          "name": "Fornecedores",
          "slug": "inventory.suppliers"
        }
      ]
    },
    {
      "name": "Serviços",
      "icon": "menu-icon icon-base ti tabler-tools",
      "slug": "services",
      "submenu": [
        {
          "url": "/services/table",
          "name": "Tabela de serviços",
          "slug": "services.table"
        },
        {
          "url": "/services/packages",
          "name": "Pacotes de serviço",
          "slug": "services.packages"
        }
      ]
    },
    {
      "name": "Financeiro",
      "icon": "menu-icon icon-base ti tabler-wallet",
      "slug": "finance",
      "submenu": [
        {
          "url": "/finance/accounts-receivable",
          "name": "Contas a receber",
          "slug": "finance.receivables"
        },
        {
          "url": "/finance/accounts-payable",
          "name": "Contas a pagar",
          "slug": "finance.payables"
        },
        {
          "url": "/finance/cash-flow",
          "name": "Fluxo de caixa",
          "slug": "finance.cash-flow"
        },
        {
          "url": "/finance/payment-methods",
          "name": "Formas de pagamento",
          "slug": "finance.payment-methods"
        },
        {
          "url": "/finance/reports",
          "name": "Relatórios financeiros",
          "slug": "finance.reports"
        }
      ]
    },
    {
      "name": "Relatórios",
      "icon": "menu-icon icon-base ti tabler-chart-line",
      "slug": "reports",
      "submenu": [
        {
          "url": "/reports/os-status",
          "name": "OS por status",
          "slug": "reports.os-status"
        },
        {
          "url": "/reports/revenue",
          "name": "Faturamento",
          "slug": "reports.revenue"
        },
        {
          "url": "/reports/cost-per-service",
          "name": "Custo por serviço",
          "slug": "reports.cost-per-service"
        },
        {
          "url": "/reports/consumed-stock",
          "name": "Estoque consumido",
          "slug": "reports.consumed-stock"
        },
        {
          "url": "/reports/mechanic-performance",
          "name": "Desempenho por mecânico",
          "slug": "reports.mechanic-performance"
        },
        {
          "url": "/reports/average-time-per-service",
          "name": "Tempo médio por serviço",
          "slug": "reports.average-time"
        }
      ]
    },
    {
      "name": "Configurações",
      "icon": "menu-icon icon-base ti tabler-settings",
      "slug": "settings",
      "submenu": [
        {
          "url": "/settings/user-management",
          "name": "Usuários e permissões",
          "slug": "pages-user-management"
        },
        {
          "url": "/settings/custom-checklist",
          "name": "Checklist personalizado",
          "slug": "settings.custom-checklist"
        },
        {
          "url": "/settings/os-settings",
          "name": "Configurações da OS",
          "slug": "settings.os-settings"
        },
        {
          "url": "/settings/integrations",
          "name": "Integrações (WhatsApp, API)",
          "slug": "settings.integrations"
        },
        {
          "url": "/settings/company-data",
          "name": "Dados da empresa",
          "slug": "settings.company-data"
        },
        {
          "url": "/settings/print-templates",
          "name": "Modelos de impressão",
          "slug": "settings.print-templates"
        }
      ]
    },
    {
      "name": "Suporte",
      "icon": "menu-icon icon-base ti tabler-help",
      "slug": "support",
      "submenu": [
        {
          "url": "/support/chat-whatsapp",
          "name": "Chat / WhatsApp",
          "slug": "support.whatsapp"
        },
        {
          "url": "/support/knowledge-base",
          "name": "Base de conhecimento",
          "slug": "support.knowledge-base"
        },
        {
          "url": "/support/open-ticket",
          "name": "Abrir chamado",
          "slug": "support.open-ticket"
        },
        {
          "url": "/settings/system-errors",
          "name": "Logs de Erro (Dev)",
          "slug": "settings.system-errors"
        }
      ]
    }
  ]
}